Id,AvgValence,AvgArousal,AvgDominance
Alone,1.998900000000001,1.5812288135593222,1.5491525423728796
