Id,AvgValence,AvgArousal,AvgDominance
mt0035119161,1.9023266666666663,1.6809622222222225,1.7200000000000009
