Id,AvgValence,AvgArousal
mt0035119161,2.1933333333333334,1.8216666666666665
